"","Variable","Value"
"1","wCalfBodyCond0",100
"2","wCalfBodyCond1",23.67
"3","wCalfRoughage0",100
"4","wCalfRoughage1",21.41
"5","wSuffWaterIndivid0",100
"6","wSuffWaterIndivid1",39.7
"7","wSuffWaterGroup0",100
"8","wSuffWaterGroup1",39.7
"9","wWaterAccessNonWeanedIndivid0",100
"10","wWaterAccessNonWeanedIndivid1",28
"11","wWaterAccessNonWeanedGroup0",100
"12","wWaterAccessNonWeanedGroup1",28
"13","wBedding0",100
"14","wBedding1",55.91
"15","wBedding2",46.36
"16","wCleanliness0",100
"17","wCleanliness1",41.91
"18","wCleanliness2",20.59
"19","wFloorageIndivid0",100
"20","wFloorageIndivid1",44.12
"21","wFloorageIndivid2",35.74
"22","wFloorageGroup0",100
"23","wFloorageGroup1",45.29
"24","wFloorageGroup2",34.26
"25","wTethering0",100
"26","wTethering1",18.56
"27","wAccessToSickPen0",100
"28","wAccessToSickPen1",17.68
"29","wMortality0",100
"30","wMortality1",42.21
"31","wMortality2",22.35
"32","wIntegumentAlterations0",100
"33","wIntegumentAlterations1",48.53
"34","wIntegumentAlterations2",20.53
"35","wHamperedResp0",100
"36","wHamperedResp1",20.44
"37","wNasalDischarge0",100
"38","wNasalDischarge1",36.18
"39","wDiarrhea0",100
"40","wDiarrhea1",32.65
"41","wLocalAnestehticsPreDehorning0",100
"42","wLocalAnestehticsPreDehorning1",5.79
"43","wNSAIDsPostDehorning0",100
"44","wNSAIDsPostDehorning1",23.44
"45","wAgeAtDehorning0",100
"46","wAgeAtDehorning1",34.71
"47","wAccessToOtherCalves0",100
"48","wAccessToOtherCalves1",63.1
"49","wAccessToOtherCalves2",25.03
"50","wAccessToBrush0",100
"51","wAccessToBrush1",52.35
"52","wAccessToArtificialTeat0",100
"53","wAccessToArtificialTeat1",60.29
"54","wAccessToArtificialTeat2",38.38
