"","DataName","DataRelation","ExcelColumn","ExcelSheet","Type","NumUnits","NumMin","NumMax","CategoriesValid","MissingOK"
"1","BodyConditionScore","ClinicalCalf","BodyConditionCalf","ClinicalCalf","categorical",NA,NA,NA,"0-1","yes"
"2","Cleanliness","ClinicalCalf","CleanlinessCalf","ClinicalCalf","categorical",NA,NA,NA,"0-1-2","yes"
"3","Diarrhea","ClinicalCalf","DiarrhoeaCalf","ClinicalCalf","categorical",NA,NA,NA,"0-1","yes"
"4","HamperedResp","ClinicalCalf","HamperedResp","ClinicalCalf","categorical",NA,NA,NA,"0-1","yes"
"5","IntegumentAlterations","ClinicalCalf","IntegAlterations","ClinicalCalf","categorical",NA,NA,NA,"0-1-2","yes"
"6","NasalDischarge","ClinicalCalf","NasalDisCalf","ClinicalCalf","categorical",NA,NA,NA,"0-1","yes"
"7","CHR","Farm","CHR","Farm","group","CHR",NA,NA,NA,"no"
"8","TotalAnimals","Farm","TotalCalves","Farm","numeric","Cows",1,Inf,NA,"no"
"9","AgeAtDehorning","ManagementCalf","AgeDehorning","ManagementCalf","categorical",NA,NA,NA,"0-1","yes"
"10","LocalAnestehticsPreDehorning","ManagementCalf","LocalAnaesthetics","ManagementCalf","categorical",NA,NA,NA,"0-1","yes"
"11","NSAIDsPostDehorning","ManagementCalf","NSAIDsPostDehorning","ManagementCalf","categorical",NA,NA,NA,"0-1","yes"
"12","Mortality","RegisterData","MortalityCalves","RegisterData","numeric","Percent",0,100,NA,"yes"
"13","AccessRoughageTMRCalfmuesliHayGroup","ResourcesGroupHoused","NoAccessFeedGroup","ResourcesGroupHoused","categorical",NA,NA,NA,"0-1","yes"
"14","AccessToArtificialTeatGroup","ResourcesGroupHoused","ArtificialTeatGroup","ResourcesGroupHoused","categorical",NA,NA,NA,"0-1-2","yes"
"15","AccessToCalfBrushGroup","ResourcesGroupHoused","AccessToCalfBrushGroup","ResourcesGroupHoused","categorical",NA,NA,NA,"0-1","yes"
"16","AccessToSickPen","ResourcesGroupHoused","AccessSickPen","ResourcesGroupHoused","categorical",NA,NA,NA,"0-1","yes"
"17","BeddingMaterialGroup","ResourcesGroupHoused","BeddingIndex","ResourcesGroupHoused","categorical",NA,NA,NA,"0-1-2","yes"
"18","FloorageIndexGroup","ResourcesGroupHoused","FloorageIndexGroup","ResourcesGroupHoused","categorical",NA,NA,NA,"0-1-2","yes"
"19","NoResourcesAnimals","ResourcesGroupHoused","NoAnimals","ResourcesGroupHoused","numeric","Animals",1,Inf,NA,"yes"
"20","SuffWaterGroup","ResourcesGroupHoused","SuffWaterGroup","ResourcesGroupHoused","categorical",NA,NA,NA,"0-1","yes"
"21","TetheringGroup","ResourcesGroupHoused","TetheringGroup","ResourcesGroupHoused","categorical",NA,NA,NA,"0-1","yes"
"22","WaterAccessNonWeanedGroup","ResourcesGroupHoused","WaterAccessNonweanedGroup","ResourcesGroupHoused","categorical",NA,NA,NA,"0-1","yes"
"23","AccessRoughageTMRCalfmuesliHayIndivid","ResourcesIndividualHoused","NoAccessFeedIndivid","ResourcesIndividualHoused","categorical",NA,NA,NA,"0-1","yes"
"24","AccessToArtificialTeatIndivid","ResourcesIndividualHoused","ArtificialTeatIndivid","ResourcesIndividualHoused","categorical",NA,NA,NA,"0-1-2","yes"
"25","AccessToCalfBrushIndivid","ResourcesIndividualHoused","AccessToCalfBrushIndivid","ResourcesIndividualHoused","categorical",NA,NA,NA,"0-1","yes"
"26","AccessToOtherCalves","ResourcesIndividualHoused","AccessOtherCalfIndivid","ResourcesIndividualHoused","categorical",NA,NA,NA,"0-1-2","yes"
"27","BeddingMaterialIndivid","ResourcesIndividualHoused","BeddingIndexIndivid","ResourcesIndividualHoused","categorical",NA,NA,NA,"0-1-2","yes"
"28","FloorageIndexIndiv","ResourcesIndividualHoused","FloorageIndexIndiv","ResourcesIndividualHoused","categorical",NA,NA,NA,"0-1-2","yes"
"29","SuffWaterIndivid","ResourcesIndividualHoused","SuffWaterIndivid","ResourcesIndividualHoused","categorical",NA,NA,NA,"0-1","yes"
"30","TetheringIndivid","ResourcesIndividualHoused","TetheringIndivid","ResourcesIndividualHoused","categorical",NA,NA,NA,"0-1","yes"
"31","WaterAccessNonWeanedIndivid","ResourcesIndividualHoused","WaterAccessNonweanedIndivid","ResourcesIndividualHoused","categorical",NA,NA,NA,"0-1","yes"
