"","Measure","Criteria"
"1","AgeAtDehorning","AbsenceManagementInducedPain"
"2","LocalAnaestheticsPreDehorning","AbsenceManagementInducedPain"
"3","NSAIDsPostDehorning","AbsenceManagementInducedPain"
"4","AccessToSickPen","AbsenceOfDisease"
"5","Diarrhea","AbsenceOfDisease"
"6","HamperedResp","AbsenceOfDisease"
"7","IntegumentAlterations","AbsenceOfDisease"
"8","Mortality","AbsenceOfDisease"
"9","NasalDischarge","AbsenceOfDisease"
"10","BodyConditionScore","AbsenceProlongedHunger"
"11","Roughage","AbsenceProlongedHunger"
"12","WaterSuff","AbsenceProlongedThirst"
"13","WaterWeaned","AbsenceProlongedThirst"
"14","Bedding","ComfortAroundResting"
"15","Cleanliness","ComfortAroundResting"
"16","Floorage","ComfortAroundResting"
"17","Tethering","EaseOfMovement"
"18","AccessToArtificialTeat","ExpressionOtherBehaviour"
"19","AccessToBrush","ExpressionOtherBehaviour"
"20","AccessToOtherCalves","ExpressionOtherBehaviour"
