"","Variable","Value"
"1","wBodyCond0",100
"2","wBodyCond1",28.67
"3","wBodyCond2",28.67
"4","wWater0",100
"5","wWater1",58.19
"6","wWater2",34.17
"7","wCleanWaterPoints0",100
"8","wCleanWaterPoints1",25.37
"9","wTethering0",100
"10","wTethering1",49.31
"11","wLyingOutside0",100
"12","wLyingOutside1",65.81
"13","wLyingOutside2",42.92
"14","wLyingOutside3",29.4
"15","wTimeNeededToLieDown0",100
"16","wTimeNeededToLieDown1",47.36
"17","wTimeNeededToLieDown2",30.42
"18","wObservedColliding0",100
"19","wObservedColliding1",36.25
"20","wObservedColliding2",27.36
"21","wGettingUpBehaviour0",100
"22","wGettingUpBehaviour1",51.25
"23","wGettingUpBehaviour2",24.03
"24","wBeddingSystem0",100
"25","wBeddingSystem1",58.82
"26","wBeddingSystem2",46.32
"27","wCleanlinessHindQuarters0",100
"28","wCleanlinessHindQuarters1",51.43
"29","wCleanlinessLowerHind0",100
"30","wCleanlinessLowerHind1",38.71
"31","wCleanlinessUdder0",100
"32","wCleanlinessUdder1",35
"33","wTotalFloorage0",100
"34","wTotalFloorage1",42.21
"35","wSickPen0",100
"36","wSickPen1",41.8
"37","wSickPen2",17.68
"38","wCalvingPen0",100
"39","wCalvingPen1",50.59
"40","wCalvingPen2",13.09
"41","wAreaCalvingPens0",100
"42","wAreaCalvingPens1",50
"43","wTotalCubicles0",100
"44","wTotalCubicles1",30.88
"45","wFeedBunkSpace0",100
"46","wFeedBunkSpace1",42.5
"47","wLameness0",100
"48","wLameness1",25.77
"49","wLameness2",8.23
"50","wIntegumentAlterations0",100
"51","wIntegumentAlterations1",49.71
"52","wIntegumentAlterations2",22
"53","wOvergrownClaws0",100
"54","wOvergrownClaws1",23.29
"55","wMilkSomaticCellCount0",100
"56","wMilkSomaticCellCount1",44.26
"57","wMortality0",100
"58","wMortality1",56.71
"59","wMortality2",38.9
"60","wStillborn0",100
"61","wStillborn1",46.91
"62","wStillborn2",29.56
"63","wCowBrush0",100
"64","wCowBrush1",47.71
"65","wAvoidanceDistanceAtFeedingTable0",100
"66","wAvoidanceDistanceAtFeedingTable1",77.43
"67","wAvoidanceDistanceAtFeedingTable2",63.29
"68","wAvoidanceDistanceAtFeedingTable3",47.43
