"","DataName","DataRelation","ExcelColumn","ExcelSheet","Type","NumUnits","NumMin","NumMax","CategoriesValid","MissingOK"
"1","AvoidanceDistanceAtFeedingTable","Avoidance","AvoidanceDist","Avoidance","numeric","Centimeters",0,"250",NA,"yes"
"2","BodyConditionScore","ClinicalIndex","BodyCond","ClinicalIndex","categorical",NA,NA,NA,"0-1-2","yes"
"3","CleanlinessHindQuarters","ClinicalIndex","CleanHind","ClinicalIndex","categorical",NA,NA,NA,"0-1","yes"
"4","CleanlinessLowerHind","ClinicalIndex","CleanLowHind","ClinicalIndex","categorical",NA,NA,NA,"0-1","yes"
"5","CleanlinessUdder","ClinicalIndex","CleanUdder","ClinicalIndex","categorical",NA,NA,NA,"0-1","yes"
"6","IntegumentAlterations","ClinicalIndex","IntegumentAlterations","ClinicalIndex","categorical",NA,NA,NA,"0-1-2","yes"
"7","Lameness","ClinicalIndex","Lameness","ClinicalIndex","categorical",NA,NA,NA,"0-1-2","yes"
"8","OvergrownClaws","ClinicalIndex","OvergrownClaws","ClinicalIndex","categorical",NA,NA,NA,"0-1","yes"
"9","CHR","Farm","CHR","Farm","group","CHR",NA,NA,NA,"no"
"10","TotalAnimals","Farm","TotalCows","Farm","numeric","Cows",1,"Inf",NA,"no"
"11","GettingUpBehaviour","GettingUp","GetUp","GettingUp","categorical",NA,NA,NA,"0-1-2","yes"
"12","AreaCalvingPens","IndexCalvingPenSickPen","TotalAreaIndividCalvingPen","IndexCalvingPenSickPen","categorical",NA,NA,NA,"0-1","yes"
"13","NoAnimalsSickCalvingPen","IndexCalvingPenSickPen","NoAnimals","IndexCalvingPenSickPen","integer","Count",0,"Inf",NA,"yes"
"14","NoCalvingPens","IndexCalvingPenSickPen","NoCalvingPens","IndexCalvingPenSickPen","integer","Cows",0,"Inf",NA,"yes"
"15","NoSickPens","IndexCalvingPenSickPen","NoSickPens","IndexCalvingPenSickPen","integer","Count",0,"Inf",NA,"yes"
"16","BeddingSystem","IndexRessourcesGroupCows","BeddingIndex","IndexRessourcesGroupCows","categorical",NA,NA,NA,"0-1-2","yes"
"17","CowBrush","IndexRessourcesGroupCows","AccessBrush","IndexRessourcesGroupCows","categorical",NA,NA,NA,"0-1","yes"
"18","FeedBunkSpace","IndexRessourcesGroupCows","FeedBunkSpace","IndexRessourcesGroupCows","categorical",NA,NA,NA,"0-1","yes"
"19","NoResourceAnimal","IndexRessourcesGroupCows","NoAnimals","IndexRessourcesGroupCows","integer","Cows",0,"Inf",NA,"yes"
"20","Tethering","IndexRessourcesGroupCows","Tethering","IndexRessourcesGroupCows","categorical",NA,NA,NA,"0-1","yes"
"21","TotalCubicles","IndexRessourcesGroupCows","Cubicles","IndexRessourcesGroupCows","integer","Count",0,"Inf",NA,"yes"
"22","TotalFloorage","IndexRessourcesGroupCows","TotalFloorageIndex","IndexRessourcesGroupCows","categorical",NA,NA,NA,"0-1","yes"
"23","ObservedColliding","LyingDown","Colliding","LyingDown","categorical",NA,NA,NA,"0-1-2","yes"
"24","TimeNeededToLieDown","LyingDown","LyingDownIndex","LyingDown","categorical",NA,NA,NA,"0-1-2","yes"
"25","LyingGroupSize","LyingOutside","AnimalsNo","LyingOutside","integer","Cows",1,"Inf",NA,"yes"
"26","LyingOutsideNumber","LyingOutside","LyingOutside","LyingOutside","integer","Cows",0,"LyingOutsideTotal",NA,"yes"
"27","LyingOutsideTotal","LyingOutside","LyingTotal","LyingOutside","integer","Cows",0,"LyingGroupSize",NA,"yes"
"28","MilkSomaticCellCount","RegisterData","SCC","RegisterData","numeric","Percent",0,"100",NA,"yes"
"29","Mortality","RegisterData","MortalityCow","RegisterData","numeric","Percent",0,"100",NA,"yes"
"30","StillBirths","RegisterData","Stillbirths","RegisterData","numeric","Percent",0,"100",NA,"yes"
"31","CleanWaterPoints","WaterIndexGroupCows","CleanWaterpoints","WaterIndexGroupCows","integer","Count",0,"TotalWaterPoints",NA,"yes"
"32","TotalNoBowls","WaterIndexGroupCows","TotalNoBowls","WaterIndexGroupCows","numeric","Count",0,"Inf",NA,"yes"
"33","TotalTroughLength","WaterIndexGroupCows","TotalThroughLength","WaterIndexGroupCows","numeric","Centimeters",0,"Inf",NA,"yes"
"34","TotalWaterPoints","WaterIndexGroupCows","TotalWaterPoints","WaterIndexGroupCows","integer","Count",0,"Inf",NA,"yes"
"35","WaterAnimals","WaterIndexGroupCows","NoAnimals","WaterIndexGroupCows","integer","Count",0,"Inf",NA,"yes"
