"","Measure","Criteria"
"1","AccessCalvingPen","AbsenceOfDisease"
"2","AccessSickPen","AbsenceOfDisease"
"3","IntegumentAlterations","AbsenceOfDisease"
"4","Lameness","AbsenceOfDisease"
"5","MilkSomaticCellCount","AbsenceOfDisease"
"6","Mortality","AbsenceOfDisease"
"7","OvergrownClaws","AbsenceOfDisease"
"8","Stillborn","AbsenceOfDisease"
"9","TotalFloorageSickCalving","AbsenceOfDisease"
"10","BodyConditionScore","AbsenceProlongedHunger"
"11","FeedBunkSpace","AbsenceProlongedHunger"
"12","CleanWater","AbsenceProlongedThirst"
"13","WaterSupply","AbsenceProlongedThirst"
"14","BeddingMaterial","ComfortAroundResting"
"15","CleanlinessHindQuarters","ComfortAroundResting"
"16","CleanlinessLowerHind","ComfortAroundResting"
"17","CleanlinessUdder","ComfortAroundResting"
"18","CollidingWithEquipment","ComfortAroundResting"
"19","Cubicles","ComfortAroundResting"
"20","GettingUpBehaviour","ComfortAroundResting"
"21","LyingOutsideLyingArea","ComfortAroundResting"
"22","TimeNeededToLieDown","ComfortAroundResting"
"23","Tethering","EaseOfMovement"
"24","TotalFloorage","EaseOfMovement"
"25","AvoidanceDistance","ExpressionOtherBehaviour"
"26","CowBrush","ExpressionOtherBehaviour"
