"","Measure","Criteria"
"1","HamperedRespiration","AbsenceOfDisease"
"2","Hernia","AbsenceOfDisease"
"3","IntegAlterations","AbsenceOfDisease"
"4","Mortality","AbsenceOfDisease"
"5","Prolapse","AbsenceOfDisease"
"6","ShoulderWounds","AbsenceOfDisease"
"7","VulvaLesions","AbsenceOfDisease"
"8","NoseRing","AbsenceOfPain"
"9","OvergrownClaws","AbsenceOfPain"
"10","BodyCondition","AbsenceOfProlongedHunger"
"11","Roughage","AbsenceOfProlongedHunger"
"12","CleanWater","AbsenceOfProlongedThirst"
"13","WaterSupply","AbsenceOfProlongedThirst"
"14","Bursitis","ComfortAroundResting"
"15","ManureOTBody","ComfortAroundResting"
"16","RestingArea","ComfortAroundResting"
"17","FarrowingRails","EaseOfMovement"
"18","FarrowingSpace","EaseOfMovement"
"19","FarrowingSystem","EaseOfMovement"
"20","NestBuildingBehaviour","ExpressionOfOtherBehaviours"
"21","RootingMaterial","ExpressionOfOtherBehaviours"
"22","Stereotypy","ExpressionOfOtherBehaviours"
"23","NursingSows","ThermalComfort"
"24","Panting","ThermalComfort"
