"","DataName","DataRelation","ExcelColumn","ExcelSheet","Type","NumUnits","NumMin","NumMax","CategoriesValid","MissingOK"
"1","CHR","Farm","CHR","LS_Farm","group","No.",NA,NA,NA,"no"
"2","Nest_buil_Access","Farm","Nest_Building_Access","LS_Farm","categorical",NA,NA,NA,"no-yes","yes"
"3","Percent_long_term_crated","Farm","Percent_long_term_crated","LS_Farm","numeric","Percentage",0,100,NA,"yes"
"4","TotalAnimals","Farm","Total_Farrowing_Sows","LS_Farm","integer",NA,0,Inf,NA,"no"
"5","Mortality","FarmSG","Mortality_Percent","SG_Farm","numeric","Percentage",0,100,NA,"yes"
"6","BCS_individual","Individual","BCS","LS_Individual","categorical",NA,NA,NA,"0-1","yes"
"7","Bursitis","Individual","Bursitis","LS_Individual","categorical",NA,NA,NA,"0-1","yes"
"8","Canturn","Individual","Can_turn","LS_Individual","categorical",NA,NA,NA,"no-yes","yes"
"9","Cratelength","Individual","Crate_Length","LS_Individual","numeric","m",1,10,NA,"yes"
"10","FarrowingRails","Individual","Farrowing_rails","LS_Individual","categorical",NA,NA,NA,"not_present-present","yes"
"11","FarrowingSystem","Individual","Farrowing_System","LS_Individual","categorical",NA,NA,NA,"loose-combi-crated","yes"
"12","Frontstanchion","Individual","Crate_Width_Front_Stanchion","LS_Individual","numeric","m",0,10,NA,"yes"
"13","HamperedResp","Individual","Hampered_Respiration","LS_Individual","categorical",NA,NA,NA,"0-1","yes"
"14","Hernia","Individual","Hernia","LS_Individual","categorical",NA,NA,NA,"0-1-2","yes"
"15","Hygiene","Individual","Manure_On_Body","LS_Individual","categorical",NA,NA,NA,"0-1-2","yes"
"16","IntegumentAlterations_individual","Individual","Integument_Alterations","LS_Individual","categorical",NA,NA,NA,"0-1","yes"
"17","NoseRing_Sows","Individual","Nose_Ring","LS_Individual","categorical",NA,NA,NA,"0-1","yes"
"18","OvergrownClaws","Individual","Overgrown_Claws","LS_Individual","categorical",NA,NA,NA,"0-1","yes"
"19","Panting","Individual","Panting_Crated","LS_Individual","categorical",NA,NA,NA,"0-1","yes"
"20","Penarea","Individual","Penarea","LS_Individual","numeric","m2",1,Inf,NA,"yes"
"21","Prolapse","Individual","Prolapse","LS_Individual","categorical",NA,NA,NA,"0-1","yes"
"22","RearGateBottom","Individual","Crate_Width_Rear_Gate_Bottom","LS_Individual","numeric","m",0,10,NA,"yes"
"23","RearGateTop","Individual","Crate_Width_Rear_Gate_Top","LS_Individual","numeric","m",0,10,NA,"yes"
"24","RestingArea_Crated","Individual","Floor_Type_Crated","LS_Individual","categorical",NA,NA,NA,"db-mat-solid-slatted","yes"
"25","Rooting_Type","Individual","Rooting_Material","LS_Individual","categorical",NA,NA,NA,"none-straw-hardwood-softwood-chain-rope-sawdust-grass","yes"
"26","Roughage_Type","Individual","Roughage_Type","LS_Individual","categorical",NA,NA,NA,"none-straw-grass","yes"
"27","ShoulderWounds_individual","Individual","Shoulder_Wounds","LS_Individual","categorical",NA,NA,NA,"0-1-2","yes"
"28","SowLength","Individual","Crate_Sow_Length","LS_Individual","numeric","m",1,10,NA,"yes"
"29","SowShoulderWidth","Individual","Crate_Sow_Shoulder_Width","LS_Individual","numeric","m",0,10,NA,"yes"
"30","Stereo","Individual","Stereotypies_crated","LS_Individual","categorical",NA,NA,NA,"0-1","yes"
"31","VulvaLesions_individual","Individual","Vulva_Lesion","LS_Individual","categorical",NA,NA,NA,"0-1","yes"
"32","water_clean","Individual","water_clean","LS_Individual","categorical",NA,NA,NA,"clean-dirty","yes"
"33","water_functioning","Individual","water_functioning","LS_Individual","categorical",NA,NA,NA,"functioning-not_functioning","yes"
