"","Variable","Value"
"1","wBCS0",100
"2","wBCS1",32.88
"3","wRoughage0",100
"4","wRoughage1",33.4230769230769
"5","wWatersupplyClean0",100
"6","wWatersupplyClean1",28.4
"7","wWatersupplyFunc0",100
"8","wWatersupplyFunc1",20
"9","wFarrowingSystem0",100
"10","wFarrowingSystem1",67.7083333333333
"11","wFarrowingSystem2",33.76
"12","wFarrowingRails0",100
"13","wFarrowingRails1",25.3478260869565
"14","wSpaceCrate0",100
"15","wSpaceCrate1",16.68
"16","wSpacePen0",100
"17","wSpacePen1",43.8
"18","wRestingCrated0",100
"19","wRestingCrated1",47.4583333333333
"20","wRestingCrated2",29.375
"21","wHygiene0",100
"22","wHygiene1",44.5833333333333
"23","wHygiene2",29.8333333333333
"24","wPanting0",100
"25","wPanting1",17.7826086956522
"26","wHampResp0",100
"27","wHampResp1",21.875
"28","wShoulder0",100
"29","wShoulder1",22.2916666666667
"30","wShoulder2",12.6666666666667
"31","wIntAltlnX0",100
"32","wIntAltlnX1",25.7083333333333
"33","wVulvaLesions0",100
"34","wVulvaLesions1",25.625
"35","wProlapse0",100
"36","wProlapse1",13.5416666666667
"37","wHernia0",100
"38","wHernia1",40.625
"39","wHernia2",17.9166666666667
"40","wNoseRing0",100
"41","wNoseRing1",31.3913043478261
"42","wStereo0",100
"43","wStereo1",21.75
"44","wRooting0",100
"45","wRooting1",61.7083333333333
"46","wRooting2",47.7083333333333
"47","wRooting3",32.7083333333333
"48","wRooting4",19.9583333333333
"49","wNestBuild0",100
"50","wNestBuild1",23.125
"51","wBursitis0",100
"52","wBursitis1",27.125
"53","wOverGrownClaws0",100
"54","wOverGrownClaws1",22.9166666666667
"55","wMortality0",100
"56","wMortality1",45.2272727272727
"57","wMortality2",31.6666666666667
"58","wMortality3",17.2727272727273
"59","wAmmeso0",100
"60","wAmmeso1",32.75
