"","Measure","Criteria"
"1","Castration","AbsenceManagementInducedPain"
"2","EarNotching","AbsenceManagementInducedPain"
"3","TailDocking","AbsenceManagementInducedPain"
"4","Carpal","AbsenceOfDisease"
"5","Diarrhea","AbsenceOfDisease"
"6","HamperedResp","AbsenceOfDisease"
"7","Lameness","AbsenceOfDisease"
"8","LesionsBody","AbsenceOfDisease"
"9","Neurological","AbsenceOfDisease"
"10","RectalProlaps","AbsenceOfDisease"
"11","Runts","AbsenceOfDisease"
"12","SplayLeg","AbsenceOfDisease"
"13","TeatAccess","AbsenceProlongedHunger"
"14","TeatsPerPiglet","AbsenceProlongedHunger"
"15","WeaningAge","AbsenceProlongedHunger"
"16","WaterClean","AbsenceProlongedThirst"
"17","WaterSupply","AbsenceProlongedThirst"
"18","Manure","ComfortAroundResting"
"19","RestingArea","ComfortAroundResting"
"20","RestingFloorType","ComfortAroundResting"
"21","StockingDensity","EaseOfMovement"
