"","DataName","DataRelation","ExcelColumn","ExcelSheet","Type","NumUnits","NumMin","NumMax","CategoriesValid","MissingOK"
"1","Castration_NoDrugs","Farm","Castration_Without_Drugs_Percentage","Piglets_Farm","numeric","Percentage",0,100,NA,"yes"
"2","Castration_None","Farm","Castration_Not_Performed_Percentage","Piglets_Farm","numeric","Percentage",0,100,NA,"yes"
"3","Castration_WithDrugs","Farm","Castration_With_Drugs_Percentage","Piglets_Farm","numeric","Percentage",0,100,NA,"yes"
"4","CHR","Farm","CHR","Piglets_Farm","group","No.",NA,NA,NA,"no"
"5","EarNotch_None","Farm","Ear_Notching_Not_Performed_Percentage","Piglets_Farm","numeric","Percentage",0,100,NA,"yes"
"6","EarNotch_Performed","Farm","Ear_Notching_Performed_Percentage","Piglets_Farm","numeric","Percentage",0,100,NA,"yes"
"7","TailDocking_NoDrugs","Farm","Tail_Docking_Without_Drugs_Percentage","Piglets_Farm","numeric","Percentage",0,100,NA,"yes"
"8","TailDocking_None","Farm","Tail_Docking_Not_Performed_Percentage","Piglets_Farm","numeric","Percentage",0,100,NA,"yes"
"9","TailDocking_WithDrugs","Farm","Tail_Docking_With_Drugs_Percentage","Piglets_Farm","numeric","Percentage",0,100,NA,"yes"
"10","TotalAnimals","Farm","Total_Piglets","Piglets_Farm","integer",NA,0,Inf,NA,"no"
"11","WeanAgeMedian","Farm","Weaning_Age","Piglets_Farm","numeric","Days",0,Inf,NA,"yes"
"12","AvailableArea","Pen","Stocking_Density_Pen_Area","Piglets_Pen","numeric","m2",1,10,NA,"yes"
"13","DiarrheaPen","Pen","Diarrhea","Piglets_Pen","categorical",NA,NA,NA,"0-1","yes"
"14","Dirty","Pen","Manure_On_Body","Piglets_Pen","categorical",NA,NA,NA,"0-1-2","yes"
"15","HamperedResp","Pen","Hampered_Respiration","Piglets_Pen","categorical",NA,NA,NA,"0-1","yes"
"16","Hut_Width","Pen","Access_To_Teats_Hut_Width","Piglets_Pen","numeric","m",0,5,NA,"yes"
"17","Lameness","Pen","Lameness","Piglets_Pen","categorical",NA,NA,NA,"0-1","yes"
"18","Lesions","Pen","Lesions_On_Body","Piglets_Pen","categorical",NA,NA,NA,"0-1","yes"
"19","NeurSymptoms","Pen","Neurological_Symptoms","Piglets_Pen","categorical",NA,NA,NA,"0-1","yes"
"20","NewCarpalLesions","Pen","Carpal_Lesions","Piglets_Pen","categorical",NA,NA,NA,"0-1-2","yes"
"21","NoPiglets","Pen","Total_Piglets_In_Pen","Piglets_Pen","numeric","Piglets",1,50,NA,"no"
"22","NumberOfTeats","Pen","Number_Of_Teats","Piglets_Pen","numeric","Teats",1,20,NA,"yes"
"23","RectalProlaps","Pen","Rectal_Prolapse","Piglets_Pen","categorical",NA,NA,NA,"0-1","yes"
"24","RestingArea","Pen","Floorage_area","Piglets_Pen","numeric","m2",0,10,NA,"yes"
"25","RestType","Pen","Floor_Type","Piglets_Pen","categorical",NA,NA,NA,"solid-bedding-slatted-hardmat","yes"
"26","Runts","Pen","Runts","Piglets_Pen","categorical",NA,NA,NA,"0-1","yes"
"27","SplayLeg","Pen","Splay_Legs","Piglets_Pen","categorical",NA,NA,NA,"0-1","yes"
"28","Wall_Width","Pen","Access_To_Teats_Wall_Width","Piglets_Pen","numeric","m",0,5,NA,"yes"
"29","WaterCleanliness","Pen","Water_Supply_Cleanliness","Piglets_Pen","categorical",NA,NA,NA,"clean-dirty","yes"
"30","WaterFunctional","Pen","Water_functional","Piglets_Pen","categorical",NA,NA,NA,"functional-not_functional","yes"
"31","WaterPresent","Pen","Water_Supply","Piglets_Pen","categorical",NA,NA,NA,"present-not_present","yes"
