"","Variable","Value"
"1","wWeanAgeMedian0",100
"2","wWeanAgeMedian1",46
"3","wWeanAgeMedian2",20
"4","wTeatsPerPiglets0",100
"5","wTeatsPerPiglets1",30.6
"6","wWaterSupply0",100
"7","wWaterSupply1",19.7
"8","wWaterClean0",100
"9","wWaterClean1",31.7
"10","wStockingDensity0",100
"11","wStockingDensity1",49
"12","wStockingDensity2",31.2
"13","wRestingArea0",100
"14","wRestingArea1",33.5
"15","wRestingArea2",25.2
"16","wRestType0",100
"17","wRestType1",41.2
"18","wRestType2",20.7
"19","wAccessTeats0",100
"20","wAccessTeats1",36.1
"21","wManure0",100
"22","wManure1",36.5
"23","wManure2",25.2
"24","wHamperedResp0",100
"25","wHamperedResp1",23
"26","wLameness0",100
"27","wLameness1",19.3
"28","wLesions0",100
"29","wLesions1",19.3
"30","wCarpal0",100
"31","wCarpal1",34.7
"32","wCarpal2",19.5
"33","wMethodCast0",100
"34","wMethodCast1",37
"35","wMethodCast2",14.3
"36","wMethodTD0",100
"37","wMethodTD1",39.7
"38","wMethodTD2",21.4
"39","wEarNotch0",100
"40","wEarNotch1",28
"41","wRectalProlaps0",100
"42","wRectalProlaps1",12.7
"43","wDiarrhea0",100
"44","wDiarrhea1",25.2
"45","wNeurological0",100
"46","wNeurological1",16.1
"47","wSplayLeg0",100
"48","wSplayLeg1",9.8
"49","wRunts0",100
"50","wRunts1",57.5
