"","Variable","Value"
"1","wBCS0",100
"2","wBCS1",32.88
"3","wRoughage0",100
"4","wRoughage1",33.4230769230769
"5","wFeeding_system0",100
"6","wFeeding_system1",28.9230769230769
"7","wWatersupply_clean0",100
"8","wWatersupply_clean1",28.4
"9","wWatersupply_func0",100
"10","wWatersupply_func1",20
"11","wHousing_system_service0",100
"12","wHousing_system_service1",32.625
"13","wHousing_system_gestation0",100
"14","wHousing_system_gestation1",25.9130434782609
"15","wStocking_density0",100
"16","wStocking_density1",65
"17","wStocking_density2",29.3478260869565
"18","wResting_area_floorage0",100
"19","wResting_area_floorage1",29.1666666666667
"20","wResting_area_floortype_Group0",100
"21","wResting_area_floortype_Group1",56.8333333333333
"22","wResting_area_floortype_Group2",45.7916666666667
"23","wResting_area_floortype_Group3",34.1666666666667
"24","wTimeCrated_service0",100
"25","wTimeCrated_service1",43.0416666666667
"26","wTimeCrated_service2",33.75
"27","wTimeCrated_service3",23.2916666666667
"28","wCratespace0",100
"29","wCratespace1",17.5833333333333
"30","wCooling0",100
"31","wCooling1",31.2608695652174
"32","wSlipperiness0",100
"33","wSlipperiness1",30.7916666666667
"34","wHygiene0",100
"35","wHygiene1",44.5833333333333
"36","wHygiene2",29.8333333333333
"37","wPanting0",100
"38","wPanting1",17.7826086956522
"39","wHampResp0",100
"40","wHampResp1",21.875
"41","wShoulder0",100
"42","wShoulder1",22.2916666666667
"43","wShoulder2",12.6666666666667
"44","wLameness0",100
"45","wLameness1",14.2083333333333
"46","wLameness2",4.875
"47","wIntAltlnX0",100
"48","wIntAltlnX1",25.7083333333333
"49","wVulvaLesions0",100
"50","wVulvaLesions1",25.625
"51","wProlapse0",100
"52","wProlapse1",13.5416666666667
"53","wHernia0",100
"54","wHernia1",40.625
"55","wHernia2",17.9166666666667
"56","wNoseRing0",100
"57","wNoseRing1",31.3913043478261
"58","wStereo0",100
"59","wStereo1",21.75
"60","wRooting0",100
"61","wRooting1",61.7083333333333
"62","wRooting2",47.7083333333333
"63","wRooting3",32.7083333333333
"64","wRooting4",19.9583333333333
"65","wBursitis0",100
"66","wBursitis1",27.125
"67","wOverGrownClaws0",100
"68","wOverGrownClaws1",22.9166666666667
"69","wMortality0",100
"70","wMortality1",45.2272727272727
"71","wMortality2",31.6666666666667
"72","wMortality3",17.2727272727273
