"","Measure","Criteria"
"1","HamperedResp","AbsenceOfDisease"
"2","Hernia","AbsenceOfDisease"
"3","IntegumentAlterations","AbsenceOfDisease"
"4","Lameness","AbsenceOfDisease"
"5","Mortality","AbsenceOfDisease"
"6","OverGrownClaws","AbsenceOfDisease"
"7","Prolapse","AbsenceOfDisease"
"8","ShoulderWounds","AbsenceOfDisease"
"9","VulvaLesions","AbsenceOfDisease"
"10","NoseRing","AbsenceOfPainFromManagementProcedures"
"11","BodyConditionScore","AbsenceOfProlongedHunger"
"12","FeedingSystem","AbsenceOfProlongedHunger"
"13","Roughage","AbsenceOfProlongedHunger"
"14","CleanWater","AbsenceOfProlongedThirst"
"15","WaterSupply","AbsenceOfProlongedThirst"
"16","Bursitis","ComfortAroundResting"
"17","ManureOnTheBody","ComfortAroundResting"
"18","RestingAreaFloorage","ComfortAroundResting"
"19","RestingAreaFloortype","ComfortAroundResting"
"20","Cratespace","EaseOfMovement"
"21","HousingSystemGestation","EaseOfMovement"
"22","HousingSystemService","EaseOfMovement"
"23","Slipperiness","EaseOfMovement"
"24","StockingDensity","EaseOfMovement"
"25","TimeCratedService","EaseOfMovement"
"26","RootingMaterial","ExpressionOfOtherBehaviours"
"27","Stereotypy","ExpressionOfOtherBehaviours"
"28","Cooling","ThermalComfort"
"29","Panting","ThermalComfort"
