"","DataName","DataRelation","ExcelColumn","ExcelSheet","Type","NumUnits","NumMin","NumMax","CategoriesValid","MissingOK"
"1","CHR","Farm","CHR","SG_Farm","group",NA,NA,NA,NA,"no"
"2","Mortality","Farm","Mortality_Percent","SG_Farm","numeric",NA,0,"100",NA,"yes"
"3","TimeCrated_Service_median","Farm","Time_Crated_Service","SG_Farm","numeric","Weeks",0,"Inf",NA,"yes"
"4","TotalAnimals","Farm","Total_Sows_And_Gilts","SG_Farm","integer",NA,0,"Inf",NA,"no"
"5","BCS_Individ","Individual","BCS","SG_Individual","categorical",NA,NA,NA,"0-1","yes"
"6","Bursitis_Individ","Individual","Bursitis","SG_Individual","categorical",NA,NA,NA,"0-1","yes"
"7","HampResp_Individ","Individual","Hampered_Respiration","SG_Individual","categorical",NA,NA,NA,"0-1","yes"
"8","Hernia_Individ","Individual","Hernia","SG_Individual","categorical",NA,NA,NA,"0-1-2","yes"
"9","Hygiene_Individ","Individual","Manure_On_Body","SG_Individual","categorical",NA,NA,NA,"0-1-2","yes"
"10","IntAltlnX_Individ","Individual","Integument_Alterations","SG_Individual","categorical",NA,NA,NA,"0-1","yes"
"11","Lameness_Individ","Individual","Lameness","SG_Individual","categorical",NA,NA,NA,"0-1-2","yes"
"12","NoseRing_Individ","Individual","Nose_Ring","SG_Individual","categorical",NA,NA,NA,"0-1","yes"
"13","OverGrownClaws_Individ","Individual","Overgrown_Claws","SG_Individual","categorical",NA,NA,NA,"0-1","yes"
"14","Panting_Individ","Individual","Panting_Crated","SG_Individual","categorical",NA,NA,NA,"0-1","yes"
"15","Prolapse_Individ","Individual","Prolapse","SG_Individual","categorical",NA,NA,NA,"0-1","yes"
"16","Shoulder_Individ","Individual","Shoulder_Wounds","SG_Individual","categorical",NA,NA,NA,"0-1-2","yes"
"17","Slipperiness_Individ","Individual","Slipperiness","SG_Individual","categorical",NA,NA,NA,"0-1","yes"
"18","Stereo_Individ","Individual","Stereotypies_crated","SG_Individual","categorical",NA,NA,NA,"0-1","yes"
"19","VulvaLesions_Individ","Individual","Vulva_Lesion","SG_Individual","categorical",NA,NA,NA,"0-1","yes"
"20","Panting_Group","Panting_Stereo","Number_Panting","SG_Panting_Stereo","integer",NA,0,"PantingStereo_NoSows",NA,"yes"
"21","PantingStereo_NoSows","Panting_Stereo","Number_Of_Sows","SG_Panting_Stereo","integer",NA,0,"Inf",NA,"yes"
"22","Stereo_Group","Panting_Stereo","Number_Stereotopies","SG_Panting_Stereo","integer",NA,0,"PantingStereo_NoSows",NA,"yes"
"23","Animalgrp_Group","Pen","Animal_Group","SG_Pen","categorical",NA,NA,NA,"sows-gilts-sowsandgilts","yes"
"24","BowlClean_Group","Pen","Number_Of_Bowls_Functional_Clean","SG_Pen","numeric","water points",0,"Inf",NA,"yes"
"25","BowlDirty_Group","Pen","Number_Of_Bowls_Functional_Dirty","SG_Pen","numeric","water points",0,"Inf",NA,"yes"
"26","Cooling_system_Group","Pen","Cooling_System","SG_Pen","categorical",NA,NA,NA,"yes-no","yes"
"27","Crate_length_Crated","Pen","Crate_Length","SG_Pen","numeric","m",0,"Inf",NA,"yes"
"28","Crate_width_Crated","Pen","Crate_Width","SG_Pen","numeric","m",0,"Inf",NA,"yes"
"29","Feeding_system_Group","Pen","Feeding_System","SG_Pen","categorical",NA,NA,NA,"adlibitum-closedautomat-openautomat-closedfeedingstall-openfeedingstall-trough-floorfeeding","yes"
"30","Housing_system","Pen","Housing_type","SG_Pen","categorical",NA,NA,NA,"group-crated","yes"
"31","Housing_unit_Individ","Pen","Housing_Unit","SG_Pen","categorical",NA,NA,NA,"service-gestation","yes"
"32","Med_av_weight_Group","Pen","Average_Weight","SG_Pen","numeric","kg",150,"450",NA,"yes"
"33","NippleClean_Group","Pen","Number_Of_Nipples_Functional_Clean","SG_Pen","numeric","water points",0,"Inf",NA,"yes"
"34","NippleDirty_Group","Pen","Number_Of_Nipples_Functional_Dirty","SG_Pen","numeric","water points",0,"Inf",NA,"yes"
"35","No_feeders_Group","Pen","Number_Of_Feeders","SG_Pen","numeric","feeders",0,"Inf",NA,"yes"
"36","NoSows_Group","Pen","Total_Sows_In_Pen","SG_Pen","numeric","sows",1,"Inf",NA,"yes"
"37","Pen_area_Group","Pen","Pen_Area","SG_Pen","numeric","m2",0,"Inf",NA,"yes"
"38","Resting_area_Group","Pen","Resting_Area","SG_Pen","numeric","m2",0,"Inf",NA,"yes"
"39","Resting_type_Group","Pen","Resting_Type","SG_Pen","categorical",NA,NA,NA,"deep-softmat-hardmat-solid-slatted/drained","yes"
"40","Rooting_type_Group","Pen","Rooting_Material","SG_Pen","categorical",NA,NA,NA,"none-straw-rope-chain-softwood-hardwood-pellets/shavings/sawdust-hay-other","yes"
"41","Roughage_Group","Pen","Roughage_Type","SG_Pen","categorical",NA,NA,NA,"none-hay-straw-other","yes"
"42","Sow_depth_Crated","Pen","Crated_Sow_Depth","SG_Pen","numeric","m",0,"Inf",NA,"yes"
"43","Sow_length_Crated","Pen","Crated_Sow_Length","SG_Pen","numeric","m",0,"Inf",NA,"yes"
"44","TroughClean_Group","Pen","Lenght_Trough_Functional_Clean","SG_Pen","numeric","water points",0,"Inf",NA,"yes"
"45","TroughDirty_Group","Pen","Lenght_Trough_Functional_Dirty","SG_Pen","numeric","water points",0,"Inf",NA,"yes"
