"","Measure","Criteria"
"1","HamperedResp","AbsenceOfDisease"
"2","Hernia","AbsenceOfDisease"
"3","Lameness","AbsenceOfDisease"
"4","Mortality","AbsenceOfDisease"
"5","Neurological","AbsenceOfDisease"
"6","RectalProlapse","AbsenceOfDisease"
"7","TwistedSnout","AbsenceOfDisease"
"8","EarDamage","AbsenceOfInjuries"
"9","Integument","AbsenceOfInjuries"
"10","TailBite","AbsenceOfInjuries"
"11","BodyConditionScore","AbsenceOfProlongedHunger"
"12","FeedingSystem","AbsenceOfProlongedHunger"
"13","CleanWater","AbsenceOfProlongedThirst"
"14","WaterSupply","AbsenceOfProlongedThirst"
"15","FloorType","ComfortAroundResting"
"16","Manure","ComfortAroundResting"
"17","RestingArea","ComfortAroundResting"
"18","Slipping","EaseOfMovement"
"19","StockingDensity","EaseOfMovement"
"20","Rooting","ExpressionOfOtherBehaviours"
"21","CoolingAccess","ThermalComfort"
"22","Panting","ThermalComfort"
