"","DataName","DataRelation","ExcelColumn","ExcelSheet","Type","NumUnits","NumMin","NumMax","CategoriesValid","MissingOK"
"1","CHR","Farm","CHR","Weaners_Farm","group","CHR",NA,NA,NA,"no"
"2","Mortality","Farm","Mortality_Percent","Weaners_Farm","numeric",NA,0,"100",NA,"yes"
"3","TotalAnimals","Farm","Total_Weaners","Weaners_Farm","integer",NA,0,"Inf",NA,"no"
"4","BCSLeanNr","Weaners_Individual_Penlevel","BCS_Lean","Weaners_Individual_Penlevel","numeric",NA,0,"PigsScored_Clinical",NA,"yes"
"5","EarDamage","Weaners_Individual_Penlevel","Ear_Damage","Weaners_Individual_Penlevel","numeric",NA,0,"PigsScored_Clinical",NA,"yes"
"6","HampRespNr","Weaners_Individual_Penlevel","Hampered_Respiration","Weaners_Individual_Penlevel","numeric",NA,0,"PigsScored_Clinical",NA,"yes"
"7","HerniaS1","Weaners_Individual_Penlevel","Hernia_Score_1","Weaners_Individual_Penlevel","numeric",NA,0,"PigsScored_Clinical",NA,"yes"
"8","HerniaS2","Weaners_Individual_Penlevel","Hernia_Score_2","Weaners_Individual_Penlevel","numeric",NA,0,"PigsScored_Clinical",NA,"yes"
"9","IntegAlter","Weaners_Individual_Penlevel","Integument_Alteration","Weaners_Individual_Penlevel","numeric",NA,0,"PigsScored_Clinical",NA,"yes"
"10","LameS1","Weaners_Individual_Penlevel","Lame_Score_1","Weaners_Individual_Penlevel","numeric",NA,0,"PigsScored_Clinical",NA,"yes"
"11","LameS2","Weaners_Individual_Penlevel","Lame_Score_2","Weaners_Individual_Penlevel","numeric",NA,0,"PigsScored_Clinical",NA,"yes"
"12","ManureS1","Weaners_Individual_Penlevel","Manure_Score_1","Weaners_Individual_Penlevel","numeric",NA,0,"PigsScored_Clinical",NA,"yes"
"13","ManureS2","Weaners_Individual_Penlevel","Manure_Score_2","Weaners_Individual_Penlevel","numeric",NA,0,"PigsScored_Clinical",NA,"yes"
"14","NeuroSymptNr","Weaners_Individual_Penlevel","Neurological_Symptoms","Weaners_Individual_Penlevel","numeric",NA,0,"PigsScored_Clinical",NA,"yes"
"15","Panting","Weaners_Individual_Penlevel","Panting","Weaners_Individual_Penlevel","categorical",NA,NA,NA,"n-y","yes"
"16","PigsPen_Clinical","Weaners_Individual_Penlevel","Total_Weaners_In_Pen","Weaners_Individual_Penlevel","integer",NA,1,"Inf",NA,"yes"
"17","PigsScored_Clinical","Weaners_Individual_Penlevel","Total_Weaners_Observed","Weaners_Individual_Penlevel","numeric",NA,1,"Inf",NA,"yes"
"18","RectalProlNr","Weaners_Individual_Penlevel","Rectal_Prolapse","Weaners_Individual_Penlevel","numeric",NA,0,"PigsScored_Clinical",NA,"yes"
"19","TailBite","Weaners_Individual_Penlevel","Tail_Bite","Weaners_Individual_Penlevel","numeric",NA,0,"PigsScored_Clinical",NA,"yes"
"20","TotalSlipping","Weaners_Individual_Penlevel","Slippering","Weaners_Individual_Penlevel","numeric",NA,0,"PigsScored_Clinical",NA,"yes"
"21","TwSnoutNr","Weaners_Individual_Penlevel","Twisted_Snout","Weaners_Individual_Penlevel","numeric",NA,0,"PigsScored_Clinical",NA,"yes"
"22","AverageWeight","Weaners_Pen","Average_Weight","Weaners_Pen","numeric","kg",0,"Inf",NA,"yes"
"23","BowlClean","Weaners_Pen","Number_Of_Bowls_Functional_Clean","Weaners_Pen","integer",NA,0,"Inf",NA,"yes"
"24","BowlDirty","Weaners_Pen","Number_Of_Bowls_Functional_Dirty","Weaners_Pen","integer",NA,0,"Inf",NA,"yes"
"25","CoolingAccess","Weaners_Pen","Cooling_System","Weaners_Pen","categorical",NA,NA,NA,"n-y","yes"
"26","FeedLength","Weaners_Pen","Feed_Length","Weaners_Pen","numeric","m",0,"Inf",NA,"yes"
"27","FeedSys","Weaners_Pen","Feeding_System","Weaners_Pen","categorical",NA,NA,NA,"al-nal","yes"
"28","NippleClean","Weaners_Pen","Number_Of_Nipples_Functional_Clean","Weaners_Pen","integer",NA,0,"Inf",NA,"yes"
"29","NippleDirty","Weaners_Pen","Number_Of_Nipples_Functional_Dirty","Weaners_Pen","integer",NA,0,"Inf",NA,"yes"
"30","Pen_area","Weaners_Pen","Pen_area","Weaners_Pen","numeric","m2",0,"Inf",NA,"yes"
"31","PigsPen_Resources","Weaners_Pen","Total_Weaners_In_Pen","Weaners_Pen","integer",NA,1,"Inf",NA,"yes"
"32","Rest_area","Weaners_Pen","Rest_Area","Weaners_Pen","numeric","m2",0,"Inf",NA,"yes"
"33","Rest_FloorType","Weaners_Pen","Rest_Type","Weaners_Pen","categorical",NA,NA,NA,"db-s-sl-hm-hm<c","yes"
"34","RootingType","Weaners_Pen","Rooting_Type","Weaners_Pen","categorical",NA,NA,NA,"none-straw-rope-metal-softwood-hardwood-sawdust-hay-rubber-other","yes"
"35","TroughClean","Weaners_Pen","Lenght_Trough_Functional_Clean","Weaners_Pen","numeric",NA,0,"Inf",NA,"yes"
"36","TroughDirty","Weaners_Pen","Lenght_Trough_Functional_Dirty","Weaners_Pen","numeric",NA,0,"Inf",NA,"yes"
