"","Variable","Value"
"1","wBCS0",100
"2","wBCS1",18.3333333333333
"3","wFeeding_system0",100
"4","wFeeding_system1",29.1666666666667
"5","wWaterClean0",100
"6","wWaterClean1",27.7916666666667
"7","wWatersupply_func0",100
"8","wWatersupply_func1",30
"9","wStocking_density0",100
"10","wStocking_density1",32.4782608695652
"11","wStocking_density2",26
"12","wResting_area_floorage0",100
"13","wResting_area_floorage1",27.695652173913
"14","wResting_area_floortype_0",100
"15","wResting_area_floortype_1",47.1739130434783
"16","wResting_area_floortype_2",35.2173913043478
"17","wCooling0",100
"18","wCooling1",29.0454545454545
"19","wSlipping0",100
"20","wSlipping1",30.791667
"21","wManure0",100
"22","wManure1",36.2608695652174
"23","wManure2",21.2608695652174
"24","wPanting0",100
"25","wPanting1",17.304347826087
"26","wHampResp0",100
"27","wHampResp1",20.2173913043478
"28","wLameness0",100
"29","wLameness1",15
"30","wLameness2",8
"31","wIntegAlter0",100
"32","wIntegAlter1",25.8260869565217
"33","wTailBite0",100
"34","wTailBite1",15.2173913043478
"35","wEarDamage0",100
"36","wEarDamage1",17.0454545454545
"37","wProlapse0",100
"38","wProlapse1",9.26086956521739
"39","wHernia0",100
"40","wHernia1",37.8695652173913
"41","wHernia2",15.4130434782609
"42","wTwistedSnout0",100
"43","wTwistedSnout1",27.4782608695652
"44","wNeuroSymptoms0",100
"45","wNeuroSymptoms1",16.5217391304348
"46","wMortality0",100
"47","wMortality1",50
"48","wMortality2",32.5238095238095
"49","wRooting0",100
"50","wRooting1",59.1304347826087
"51","wRooting2",46.5652173913044
"52","wRooting3",31.2608695652174
"53","wRooting4",17
